{"timestamps": [1527324430.084688, 1527324436.053576, 1527324438.051362, 1527324453.358771, 1527324466.692293, 1527324468.667656, 1527324482.307229, 1527324494.830473, 1527324500.438238, 1527324520.34862, 1527324532.354339, 1527324535.571329, 1527324539.204309, 1527324543.626245, 1527324546.004341, 1527324557.778528, 1527324562.192522, 1527324566.172842, 1527324576.694429, 1527324579.158714, 1527324584.304149, 1527324588.76631, 1527324600.018174, 1527324606.020242, 1527324610.454711, 1527324619.434669, 1527324629.958524, 1527324641.975692, 1527324660.47959, 1527324664.492658, 1527324668.053827, 1527324670.829718, 1527324674.019877, 1527324678.471185, 1527324691.662009, 1527324701.427053, 1527324708.734045, 1527324713.239237, 1527324718.886916, 1527324722.049508, 1527324732.541697, 1527324740.549958, 1527324751.498148, 1527324770.907464, 1527324776.894559, 1527324782.132001, 1527324792.895748, 1527324795.341964], "initial_reset_timestamp": 1527324424.351603, "episode_types": ["t", "t", "t", "t", "t", "t", "t", "t", "t", "t", "t", "t", "t", "t", "t", "t", "t", "t", "t", "t", "t", "t", "t", "t", "t", "t", "t", "t", "t", "t", "t", "t", "t", "t", "t", "t", "t", "t", "t", "t", "t", "t", "t", "t", "t", "t", "t", "t", "t"], "episode_lengths": [11, 12, 2, 35, 30, 2, 31, 28, 11, 46, 27, 5, 6, 8, 3, 26, 8, 7, 23, 3, 10, 8, 25, 12, 8, 19, 23, 27, 43, 7, 6, 4, 5, 8, 29, 21, 15, 8, 11, 5, 23, 17, 24, 45, 12, 10, 24, 3], "episode_rewards": [-1150.0, 600.0, -600.0, 100.0, 1800.0, -400.0, 200.0, -2250.0, 150.0, 600.0, -250.0, -1050.0, -650.0, -150.0, -500.0, -2000.0, -600.0, 100.0, -2600.0, -200.0, 50.0, 50.0, 900.0, -50.0, 150.0, 950.0, -1150.0, 1250.0, -2900.0, -600.0, -250.0, -50.0, -1000.0, 100.0, 1050.0, 1350.0, 1000.0, -1000.0, 700.0, 300.0, 400.0, -250.0, 1250.0, -1600.0, 450.0, -50.0, -1050.0, -550.0]}